{
  "decision_tree": {
    "accuracy": 0.8391959798994975,
    "balanced_accuracy": 0.667156862745098,
    "confusion_matrix": [
      [
        4,
        0,
        1,
        0,
        1
      ],
      [
        0,
        3,
        0,
        0,
        0
      ],
      [
        4,
        0,
        27,
        1,
        2
      ],
      [
        3,
        0,
        1,
        0,
        0
      ],
      [
        3,
        1,
        0,
        15,
        133
      ]
    ],
    "labels": [
      "3+",
      "7+",
      "12+",
      "16+",
      "18+"
    ],
    "macro_f1": 0.607579365079365,
    "macro_precision": 0.5889379889886989,
    "macro_recall": 0.667156862745098,
    "mean_absolute_age_error": 0.2964824120603015,
    "per_class": {
      "12+": {
        "f1-score": 0.8571428571428571,
        "precision": 0.9310344827586207,
        "recall": 0.7941176470588235,
        "support": 34.0
      },
      "16+": {
        "f1-score": 0.0,
        "precision": 0.0,
        "recall": 0.0,
        "support": 4.0
      },
      "18+": {
        "f1-score": 0.9236111111111112,
        "precision": 0.9779411764705882,
        "recall": 0.875,
        "support": 152.0
      },
      "3+": {
        "f1-score": 0.4,
        "precision": 0.2857142857142857,
        "recall": 0.6666666666666666,
        "support": 6.0
      },
      "7+": {
        "f1-score": 0.8571428571428571,
        "precision": 0.75,
        "recall": 1.0,
        "support": 3.0
      },
      "accuracy": 0.8391959798994975,
      "macro avg": {
        "f1-score": 0.607579365079365,
        "precision": 0.5889379889886989,
        "recall": 0.667156862745098,
        "support": 199.0
      },
      "weighted avg": {
        "f1-score": 0.8769003748903247,
        "precision": 0.92596239674175,
        "recall": 0.8391959798994975,
        "support": 199.0
      }
    },
    "severe_error_rate": 0.07537688442211055,
    "weighted_f1": 0.8769003748903247
  },
  "extra_trees": {
    "accuracy": 0.9396984924623115,
    "balanced_accuracy": 0.760423116615067,
    "confusion_matrix": [
      [
        4,
        0,
        0,
        0,
        2
      ],
      [
        0,
        3,
        0,
        0,
        0
      ],
      [
        0,
        0,
        31,
        0,
        3
      ],
      [
        0,
        0,
        0,
        1,
        3
      ],
      [
        0,
        0,
        4,
        0,
        148
      ]
    ],
    "labels": [
      "3+",
      "7+",
      "12+",
      "16+",
      "18+"
    ],
    "macro_f1": 0.8119179371353284,
    "macro_precision": 0.9668864468864469,
    "macro_recall": 0.760423116615067,
    "mean_absolute_age_error": 0.12562814070351758,
    "per_class": {
      "12+": {
        "f1-score": 0.8985507246376812,
        "precision": 0.8857142857142857,
        "recall": 0.9117647058823529,
        "support": 34.0
      },
      "16+": {
        "f1-score": 0.4,
        "precision": 1.0,
        "recall": 0.25,
        "support": 4.0
      },
      "18+": {
        "f1-score": 0.961038961038961,
        "precision": 0.9487179487179487,
        "recall": 0.9736842105263158,
        "support": 152.0
      },
      "3+": {
        "f1-score": 0.8,
        "precision": 1.0,
        "recall": 0.6666666666666666,
        "support": 6.0
      },
      "7+": {
        "f1-score": 1.0,
        "precision": 1.0,
        "recall": 1.0,
        "support": 3.0
      },
      "accuracy": 0.9396984924623115,
      "macro avg": {
        "f1-score": 0.8119179371353284,
        "precision": 0.9668864468864469,
        "recall": 0.760423116615067,
        "support": 199.0
      },
      "weighted avg": {
        "f1-score": 0.9348173201789107,
        "precision": 0.9413035875347434,
        "recall": 0.9396984924623115,
        "support": 199.0
      }
    },
    "severe_error_rate": 0.04522613065326633,
    "weighted_f1": 0.9348173201789107
  },
  "lightgbm": {
    "accuracy": 0.9748743718592965,
    "balanced_accuracy": 0.7833333333333333,
    "confusion_matrix": [
      [
        4,
        0,
        0,
        1,
        1
      ],
      [
        0,
        3,
        0,
        0,
        0
      ],
      [
        0,
        0,
        34,
        0,
        0
      ],
      [
        0,
        0,
        0,
        1,
        3
      ],
      [
        0,
        0,
        0,
        0,
        152
      ]
    ],
    "labels": [
      "3+",
      "7+",
      "12+",
      "16+",
      "18+"
    ],
    "macro_f1": 0.8240692640692642,
    "macro_precision": 0.8948717948717949,
    "macro_recall": 0.7833333333333333,
    "mean_absolute_age_error": 0.05025125628140704,
    "per_class": {
      "12+": {
        "f1-score": 1.0,
        "precision": 1.0,
        "recall": 1.0,
        "support": 34.0
      },
      "16+": {
        "f1-score": 0.3333333333333333,
        "precision": 0.5,
        "recall": 0.25,
        "support": 4.0
      },
      "18+": {
        "f1-score": 0.987012987012987,
        "precision": 0.9743589743589743,
        "recall": 1.0,
        "support": 152.0
      },
      "3+": {
        "f1-score": 0.8,
        "precision": 1.0,
        "recall": 0.6666666666666666,
        "support": 6.0
      },
      "7+": {
        "f1-score": 1.0,
        "precision": 1.0,
        "recall": 1.0,
        "support": 3.0
      },
      "accuracy": 0.9748743718592965,
      "macro avg": {
        "f1-score": 0.8240692640692642,
        "precision": 0.8948717948717949,
        "recall": 0.7833333333333333,
        "support": 199.0
      },
      "weighted avg": {
        "f1-score": 0.9706497857251626,
        "precision": 0.9703646437314778,
        "recall": 0.9748743718592965,
        "support": 199.0
      }
    },
    "severe_error_rate": 0.010050251256281407,
    "weighted_f1": 0.9706497857251627
  },
  "logistic_regression": {
    "accuracy": 0.9698492462311558,
    "balanced_accuracy": 0.7653508771929824,
    "confusion_matrix": [
      [
        5,
        0,
        0,
        0,
        1
      ],
      [
        0,
        3,
        0,
        0,
        0
      ],
      [
        0,
        0,
        34,
        0,
        0
      ],
      [
        1,
        0,
        1,
        0,
        2
      ],
      [
        1,
        0,
        0,
        0,
        151
      ]
    ],
    "labels": [
      "3+",
      "7+",
      "12+",
      "16+",
      "18+"
    ],
    "macro_f1": 0.7483332240365488,
    "macro_precision": 0.7332467532467533,
    "macro_recall": 0.7653508771929824,
    "mean_absolute_age_error": 0.07035175879396985,
    "per_class": {
      "12+": {
        "f1-score": 0.9855072463768116,
        "precision": 0.9714285714285714,
        "recall": 1.0,
        "support": 34.0
      },
      "16+": {
        "f1-score": 0.0,
        "precision": 0.0,
        "recall": 0.0,
        "support": 4.0
      },
      "18+": {
        "f1-score": 0.9869281045751634,
        "precision": 0.9805194805194806,
        "recall": 0.993421052631579,
        "support": 152.0
      },
      "3+": {
        "f1-score": 0.7692307692307693,
        "precision": 0.7142857142857143,
        "recall": 0.8333333333333334,
        "support": 6.0
      },
      "7+": {
        "f1-score": 1.0,
        "precision": 1.0,
        "recall": 1.0,
        "support": 3.0
      },
      "accuracy": 0.9698492462311558,
      "macro avg": {
        "f1-score": 0.7483332240365488,
        "precision": 0.7332467532467533,
        "recall": 0.7653508771929826,
        "support": 199.0
      },
      "weighted avg": {
        "f1-score": 0.9604809190332716,
        "precision": 0.9515238530313908,
        "recall": 0.9698492462311558,
        "support": 199.0
      }
    },
    "severe_error_rate": 0.01507537688442211,
    "weighted_f1": 0.9604809190332716
  },
  "majority": {
    "accuracy": 0.7638190954773869,
    "balanced_accuracy": 0.2,