{
  "accuracy": 0.9447236180904522,
  "balanced_accuracy": 0.7542053663570691,
  "confusion_matrix": [
    [
      4,
      0,
      1,
      0,
      1
    ],
    [
      0,
      2,
      1,
      0,
      0
    ],
    [
      1,
      0,
      33,
      0,
      0
    ],
    [
      0,
      0,
      1,
      2,
      1
    ],
    [
      1,
      1,
      1,
      2,
      147
    ]
  ],
  "labels": [
    "3+",
    "7+",
    "12+",
    "16+",
    "18+"
  ],
  "macro_f1": 0.7479309968337154,
  "macro_precision": 0.7423604812866558,
  "macro_recall": 0.7542053663570691,
  "mean_absolute_age_error": 0.11055276381909548,
  "model": "ordinal_lightgbm_thresholds",
  "per_class": {
    "12+": {
      "f1-score": 0.9295774647887324,
      "precision": 0.8918918918918919,
      "recall": 0.9705882352941176,
      "support": 34.0
    },
    "16+": {
      "f1-score": 0.5,
      "precision": 0.5,
      "recall": 0.5,
      "support": 4.0
    },
    "18+": {
      "f1-score": 0.9767441860465116,
      "precision": 0.9865771812080537,
      "recall": 0.9671052631578947,
      "support": 152.0
    },
    "3+": {
      "f1-score": 0.6666666666666666,
      "precision": 0.6666666666666666,
      "recall": 0.6666666666666666,
      "support": 6.0
    },
    "7+": {
      "f1-score": 0.6666666666666666,
      "precision": 0.6666666666666666,
      "recall": 0.6666666666666666,
      "support": 3.0
    },
    "accuracy": 0.9447236180904522,
    "macro avg": {
      "f1-score": 0.7479309968337154,
      "precision": 0.7423604812866558,
      "recall": 0.7542053663570691,
      "support": 199.0
    },
    "weighted avg": {
      "f1-score": 0.945079146140134,
      "precision": 0.946151034512304,
      "recall": 0.9447236180904522,
      "support": 199.0
    }
  },
  "severe_error_rate": 0.03015075376884422,
  "thresholds": [
    ">=7+",
    ">=12+",
    ">=16+",
    ">=18+"
  ],
  "weighted_f1": 0.945079146140134
}
